id,timestamp
ORD-1001,2025-09-09T12:30:00+05:30
ORD-1002,2025-09-09T19:45:00+05:30
ORD-1003,2025-09-10T12:15:00+05:30
ORD-1004,2025-09-10T12:50:00+05:30
ORD-1005,2025-09-10T13:20:00+05:30
ORD-1006,2025-09-10T13:40:00+05:30
ORD-1007,2025-09-10T16:05:00+05:30
ORD-1008,2025-09-10T16:40:00+05:30
ORD-1009,2025-09-10T20:15:00+05:30
ORD-1010,2025-09-10T21:00:00+05:30
ORD-1011,2025-09-11T09:45:00+05:30
ORD-1012,2025-09-11T10:05:00+05:30
ORD-1013,2025-09-11T10:30:00+05:30
ORD-1014,2025-09-11T12:10:00+05:30
ORD-1015,2025-09-11T12:45:00+05:30
ORD-1016,2025-09-11T19:30:00+05:30
ORD-1017,2025-09-11T20:00:00+05:30
ORD-1018,2025-09-12T12:30:00+05:30
ORD-1019,2025-09-12T13:00:00+05:30
ORD-1020,2025-09-12T13:20:00+05:30
ORD-1021,2025-09-12T19:45:00+05:30
