source_id,source_label,target_id
BATCH-PANEER-001,Batch,EVT-af3dbe29-d9af-4093-928b-e6e54dcd6caf
BATCH-PANEER-001,Batch,EVT-9e2478ee-ef5b-4afb-a491-51e4f6b02f4a
BATCH-PANEER-001,Batch,EVT-84ba2dcc-cacd-402a-a7cb-67ae07c9fd2b
BATCH-PANEER-001,Batch,EVT-cf49e862-34b2-4016-a708-634bacf29d8b
BATCH-PANEER-001,Batch,EVT-5d7a2962-9d58-44f2-ae33-7b2371b62ba0
BATCH-PANEER-001,Batch,EVT-b6ff6e5c-ede5-4c4d-8b28-1dfbb8786825
BATCH-PANEER-001,Batch,EVT-07e88389-bbf6-4bcf-9a9c-03963a0ade87
BATCH-PANEER-001,Batch,EVT-fea64c1c-6a52-4f1b-afbf-8ad014929452
BATCH-PANEER-001,Batch,EVT-0e2b3f77-84e3-4e5d-8dfa-47027c2e79cb
BATCH-PANEER-001,Batch,EVT-95ed31ee-499e-4faf-8026-d70fc500ba39
BATCH-PANEER-001,Batch,EVT-6dcd8644-bec4-4d07-9445-c2f95ecc24bc
BATCH-PANEER-001,Batch,EVT-1168d3f2-e8cb-4cc0-895c-7904ecd08541
BATCH-PANEER-001,Batch,EVT-a7379cc1-2551-461f-b8df-a089c70e1cbb
BATCH-PANEER-001,Batch,EVT-f00e4630-274b-4548-9ac9-6bb384fd951b
BATCH-CREAM-001,Batch,EVT-cded0e07-ad2c-43bd-b801-06c168294d44
BATCH-CREAM-001,Batch,EVT-75142001-98ad-41fa-a9e4-ae4aa5763e95
BATCH-PANEER-001,Batch,EVT-acf1c77c-7630-4cfd-bb16-9a4d846cbe4a
BATCH-PANEER-001,Batch,EVT-91bf483c-35b6-4162-bf5c-9028cca6c013
BATCH-PANEER-001,Batch,EVT-a70fcff1-d532-483e-9aef-2be7f51037d0
BATCH-PANEER-001,Batch,EVT-f1719e5d-5890-4371-8069-7fa44a4dc743
BATCH-PANEER-001,Batch,EVT-5b730960-7a34-4e1e-bf76-f375aeb71bce
BATCH-PANEER-001,Batch,EVT-8e39f406-c7ef-4cff-a6c8-90caea55e059
BATCH-PANEER-001,Batch,EVT-e8bd2127-aa81-4395-a191-a1635043128d
BATCH-PANEER-001,Batch,EVT-1bad66dc-e20f-4575-afc9-abd9321cbba9
BATCH-PANEER-001,Batch,EVT-ba479bc4-1bb6-454a-95f0-8ca738d81649
BATCH-CREAM-001,Batch,EVT-dfa4ffcd-c9e0-4169-a1c2-d2fb3f3a21a3
BATCH-CREAM-001,Batch,EVT-73f44595-7274-40d4-ac1b-bcbad5fd9727
BATCH-CREAM-001,Batch,EVT-9a5c4a70-bf0b-42b7-84c4-79a5be7660b4
BATCH-CREAM-001,Batch,SEED-STATUS_TRANSITION-BATCH-CREAM-001
