id,label,name,status,location,timestamp
SUP-001,Supplier,FreshFoods Pvt Ltd,GREEN,"Azadpur Mandi, Delhi",
SUP-002,Supplier,Gopal Dairy,GREEN,"Sector 18, Noida",
SUP-003,Supplier,GreenLeaf Farms,GREEN,"Manesar, Gurugram",
SUP-004,Supplier,Spice Route Traders,GREEN,"Khari Baoli, Delhi",
SUP-005,Supplier,Yamuna Poultry,GREEN,Ghaziabad,
BATCH-BUTTER-001,Batch,Butter,GREEN,,2025-09-05T09:00:00+05:30
BATCH-CHICKEN-001,Batch,Chicken,GREEN,,2025-09-09T04:00:00+05:30
BATCH-CHICKPEA-001,Batch,Chickpeas,GREEN,,2025-08-22T10:00:00+05:30
BATCH-CREAM-001,Batch,Fresh Cream,YELLOW,,2025-09-06T08:00:00+05:30
BATCH-PANEER-001,Batch,Paneer,RED,,2025-09-08T06:00:00+05:30
BATCH-PANEER-002,Batch,Paneer,GREEN,,2025-09-11T06:00:00+05:30
BATCH-RICE-001,Batch,Basmati Rice,GREEN,,2025-08-20T10:00:00+05:30
BATCH-SPICE-001,Batch,Garam Masala,GREEN,,2025-08-25T11:00:00+05:30
BATCH-SPINACH-001,Batch,Spinach,GREEN,,2025-09-08T05:00:00+05:30
BATCH-TOMATO-001,Batch,Tomato,GREEN,,2025-09-09T07:00:00+05:30
FAC-001,Facility,Central Processing Hub,ACTIVE,Gurugram,
FAC-002,Facility,Cold Storage Unit 1,ACTIVE,Noida,
FAC-003,Facility,Quality Testing Lab,ACTIVE,Delhi,
FAC-004,Facility,Packaging Unit,ACTIVE,Manesar,
CK-001,CloudKitchen,Spice Hub Kitchen,HOLD,"Cyber Hub, Gurugram",
CK-002,CloudKitchen,Delhi Biryani Co.,HOLD,"Connaught Place, Delhi",
CK-003,CloudKitchen,Urban Tiffin,HOLD,"Sector 62, Noida",
CK-004,CloudKitchen,Curry Cloud,ACTIVE,"Saket, Delhi",
CK-005,CloudKitchen,Tandoori Nights,HOLD,"DLF Phase 3, Gurugram",
CK-006,CloudKitchen,Wok This Way,ACTIVE,"Sector 29, Noida",
DSH-001,Dish,Paneer Butter Masala,BLOCKED,,
DSH-002,Dish,Palak Paneer,BLOCKED,,
DSH-003,Dish,Paneer Tikka,BLOCKED,,
DSH-004,Dish,Chicken Biryani,ACTIVE,,
DSH-005,Dish,Butter Chicken,ACTIVE,,
DSH-006,Dish,Dal Makhani,BLOCKED,,
DSH-007,Dish,Chole Bhature,ACTIVE,,
DSH-008,Dish,Veg Hakka Noodles,ACTIVE,,
DSH-009,Dish,Chicken Tikka,ACTIVE,,
DSH-010,Dish,Paneer Kathi Roll,BLOCKED,,
ORD-1001,Order,ORD-1001,ACTIVE,,2025-09-09T12:30:00+05:30
ORD-1002,Order,ORD-1002,ACTIVE,,2025-09-09T19:45:00+05:30
ORD-1003,Order,ORD-1003,ACTIVE,,2025-09-10T12:15:00+05:30
ORD-1004,Order,ORD-1004,ACTIVE,,2025-09-10T12:50:00+05:30
ORD-1005,Order,ORD-1005,ACTIVE,,2025-09-10T13:20:00+05:30
ORD-1006,Order,ORD-1006,ACTIVE,,2025-09-10T13:40:00+05:30
ORD-1007,Order,ORD-1007,ACTIVE,,2025-09-10T16:05:00+05:30
ORD-1008,Order,ORD-1008,ACTIVE,,2025-09-10T16:40:00+05:30
ORD-1009,Order,ORD-1009,ACTIVE,,2025-09-10T20:15:00+05:30
ORD-1010,Order,ORD-1010,ACTIVE,,2025-09-10T21:00:00+05:30
ORD-1011,Order,ORD-1011,ACTIVE,,2025-09-11T09:45:00+05:30
ORD-1012,Order,ORD-1012,ACTIVE,,2025-09-11T10:05:00+05:30
ORD-1013,Order,ORD-1013,ACTIVE,,2025-09-11T10:30:00+05:30
ORD-1014,Order,ORD-1014,ACTIVE,,2025-09-11T12:10:00+05:30
ORD-1015,Order,ORD-1015,ACTIVE,,2025-09-11T12:45:00+05:30
ORD-1016,Order,ORD-1016,ACTIVE,,2025-09-11T19:30:00+05:30
ORD-1017,Order,ORD-1017,ACTIVE,,2025-09-11T20:00:00+05:30
ORD-1018,Order,ORD-1018,ACTIVE,,2025-09-12T12:30:00+05:30
ORD-1019,Order,ORD-1019,ACTIVE,,2025-09-12T13:00:00+05:30
ORD-1020,Order,ORD-1020,ACTIVE,,2025-09-12T13:20:00+05:30
ORD-1021,Order,ORD-1021,ACTIVE,,2025-09-12T19:45:00+05:30
CUS-001,Customer,Aarav Sharma,ACTIVE,,
CUS-002,Customer,Diya Patel,ACTIVE,,
CUS-003,Customer,Rohan Mehta,ACTIVE,,
CUS-004,Customer,Ananya Iyer,ACTIVE,,
CUS-005,Customer,Kabir Singh,ACTIVE,,
CUS-006,Customer,Ishita Verma,ACTIVE,,
CUS-007,Customer,Advait Nair,ACTIVE,,
CUS-008,Customer,Myra Gupta,ACTIVE,,
CUS-009,Customer,Vihaan Malhotra,ACTIVE,,
CUS-010,Customer,Saanvi Rao,ACTIVE,,
CUS-011,Customer,Arjun Khanna,ACTIVE,,
CUS-012,Customer,Zara Siddiqui,ACTIVE,,
EVT-07e88389-bbf6-4bcf-9a9c-03963a0ade87,AuditEvent,EVT-07e88389-bbf6-4bcf-9a9c-03963a0ade87,ACTIVE,,2026-09-19T10:03:37.364000+00:00
EVT-0e2b3f77-84e3-4e5d-8dfa-47027c2e79cb,AuditEvent,EVT-0e2b3f77-84e3-4e5d-8dfa-47027c2e79cb,ACTIVE,,2026-09-19T10:10:46.799000+00:00
EVT-1168d3f2-e8cb-4cc0-895c-7904ecd08541,AuditEvent,EVT-1168d3f2-e8cb-4cc0-895c-7904ecd08541,ACTIVE,,2026-09-19T10:13:23.545000+00:00
EVT-1bad66dc-e20f-4575-afc9-abd9321cbba9,AuditEvent,EVT-1bad66dc-e20f-4575-afc9-abd9321cbba9,ACTIVE,,2026-09-19T10:39:30.140000+00:00
EVT-5b730960-7a34-4e1e-bf76-f375aeb71bce,AuditEvent,EVT-5b730960-7a34-4e1e-bf76-f375aeb71bce,ACTIVE,,2026-09-19T10:30:10.882000+00:00
EVT-5d7a2962-9d58-44f2-ae33-7b2371b62ba0,AuditEvent,EVT-5d7a2962-9d58-44f2-ae33-7b2371b62ba0,ACTIVE,,2026-09-19T10:03:12.015000+00:00
EVT-6dcd8644-bec4-4d07-9445-c2f95ecc24bc,AuditEvent,EVT-6dcd8644-bec4-4d07-9445-c2f95ecc24bc,ACTIVE,,2026-09-19T10:13:23.536000+00:00
EVT-73f44595-7274-40d4-ac1b-bcbad5fd9727,AuditEvent,EVT-73f44595-7274-40d4-ac1b-bcbad5fd9727,ACTIVE,,2026-09-19T10:59:09.775000+00:00
EVT-75142001-98ad-41fa-a9e4-ae4aa5763e95,AuditEvent,EVT-75142001-98ad-41fa-a9e4-ae4aa5763e95,ACTIVE,,2026-09-19T10:24:42.510000+00:00
EVT-84ba2dcc-cacd-402a-a7cb-67ae07c9fd2b,AuditEvent,EVT-84ba2dcc-cacd-402a-a7cb-67ae07c9fd2b,ACTIVE,,2026-09-19T09:06:27.949000+00:00
EVT-8e39f406-c7ef-4cff-a6c8-90caea55e059,AuditEvent,EVT-8e39f406-c7ef-4cff-a6c8-90caea55e059,ACTIVE,,2026-09-19T10:31:20.393000+00:00
EVT-91bf483c-35b6-4162-bf5c-9028cca6c013,AuditEvent,EVT-91bf483c-35b6-4162-bf5c-9028cca6c013,ACTIVE,,2026-09-19T10:26:36.976000+00:00
EVT-95ed31ee-499e-4faf-8026-d70fc500ba39,AuditEvent,EVT-95ed31ee-499e-4faf-8026-d70fc500ba39,ACTIVE,,2026-09-19T10:10:46.859000+00:00
EVT-9a5c4a70-bf0b-42b7-84c4-79a5be7660b4,AuditEvent,EVT-9a5c4a70-bf0b-42b7-84c4-79a5be7660b4,ACTIVE,,2026-09-19T10:59:18.748000+00:00
EVT-9e2478ee-ef5b-4afb-a491-51e4f6b02f4a,AuditEvent,EVT-9e2478ee-ef5b-4afb-a491-51e4f6b02f4a,ACTIVE,,2026-09-19T09:06:24.607000+00:00
EVT-a70fcff1-d532-483e-9aef-2be7f51037d0,AuditEvent,EVT-a70fcff1-d532-483e-9aef-2be7f51037d0,ACTIVE,,2026-09-19T10:26:36.984000+00:00
EVT-a7379cc1-2551-461f-b8df-a089c70e1cbb,AuditEvent,EVT-a7379cc1-2551-461f-b8df-a089c70e1cbb,ACTIVE,,2026-09-19T10:13:49.764000+00:00
EVT-acf1c77c-7630-4cfd-bb16-9a4d846cbe4a,AuditEvent,EVT-acf1c77c-7630-4cfd-bb16-9a4d846cbe4a,ACTIVE,,2026-09-19T10:25:41.237000+00:00
EVT-af3dbe29-d9af-4093-928b-e6e54dcd6caf,AuditEvent,EVT-af3dbe29-d9af-4093-928b-e6e54dcd6caf,ACTIVE,,2026-09-19T09:06:23.669000+00:00
EVT-b6ff6e5c-ede5-4c4d-8b28-1dfbb8786825,AuditEvent,EVT-b6ff6e5c-ede5-4c4d-8b28-1dfbb8786825,ACTIVE,,2026-09-19T10:03:12.051000+00:00
EVT-ba479bc4-1bb6-454a-95f0-8ca738d81649,AuditEvent,EVT-ba479bc4-1bb6-454a-95f0-8ca738d81649,ACTIVE,,2026-09-19T10:39:32.194000+00:00
EVT-cded0e07-ad2c-43bd-b801-06c168294d44,AuditEvent,EVT-cded0e07-ad2c-43bd-b801-06c168294d44,ACTIVE,,2026-09-19T10:24:28.250000+00:00
EVT-cf49e862-34b2-4016-a708-634bacf29d8b,AuditEvent,EVT-cf49e862-34b2-4016-a708-634bacf29d8b,ACTIVE,,2026-09-19T09:06:46.996000+00:00
EVT-dfa4ffcd-c9e0-4169-a1c2-d2fb3f3a21a3,AuditEvent,EVT-dfa4ffcd-c9e0-4169-a1c2-d2fb3f3a21a3,ACTIVE,,2026-09-19T10:59:07.810000+00:00
EVT-e8bd2127-aa81-4395-a191-a1635043128d,AuditEvent,EVT-e8bd2127-aa81-4395-a191-a1635043128d,ACTIVE,,2026-09-19T10:31:20.400000+00:00
EVT-f00e4630-274b-4548-9ac9-6bb384fd951b,AuditEvent,EVT-f00e4630-274b-4548-9ac9-6bb384fd951b,ACTIVE,,2026-09-19T10:13:49.780000+00:00
EVT-f1719e5d-5890-4371-8069-7fa44a4dc743,AuditEvent,EVT-f1719e5d-5890-4371-8069-7fa44a4dc743,ACTIVE,,2026-09-19T10:30:10.873000+00:00
EVT-fea64c1c-6a52-4f1b-afbf-8ad014929452,AuditEvent,EVT-fea64c1c-6a52-4f1b-afbf-8ad014929452,ACTIVE,,2026-09-19T10:03:37.373000+00:00
SEED-STATUS_TRANSITION-BATCH-CREAM-001,AuditEvent,SEED-STATUS_TRANSITION-BATCH-CREAM-001,ACTIVE,,2025-09-09T20:00:00+05:30
